{"x": 3.6832334031957035, "y": 0.9235046645307313, "z": 0.0, "qx": 0.0, "qy": 0.0, "qz": 0.9660977417684004, "qw": 0.25817659334261345}